{"cameraMode":{"drawMode":0,"name":"Shaded","section":"Shading Mode"},"sceneLighting":true,"audioPlay":false,"sceneViewState":{"showFog":true,"showMaterialUpdate":false,"showSkybox":true,"showFlares":true,"showImageEffects":true,"showParticleSystems":true},"in2DMode":false,"pivot":{"x":-194.99713134765626,"y":-2.2305498123168947,"z":84.64188385009766},"rotation":{"x":0.06482507288455963,"y":-0.5117859840393066,"z":0.038228217512369159,"w":0.8560359477996826},"size":30.815353393554689,"orthographic":false}