{"cameraMode":{"drawMode":0,"name":"Shaded","section":"Shading Mode"},"sceneLighting":true,"audioPlay":false,"sceneViewState":{"showFog":true,"showMaterialUpdate":false,"showSkybox":true,"showFlares":true,"showImageEffects":true,"showParticleSystems":true},"in2DMode":false,"pivot":{"x":542.5421752929688,"y":378.3902282714844,"z":-211.1209259033203},"rotation":{"x":0.3977092504501343,"y":-0.3764064908027649,"z":0.1833641529083252,"w":0.8164116740226746},"size":273.48480224609377,"orthographic":false}