{"cameraMode":{"drawMode":0,"name":"Shaded","section":"Shading Mode"},"sceneLighting":false,"audioPlay":false,"sceneViewState":{"showFog":true,"showMaterialUpdate":false,"showSkybox":false,"showFlares":true,"showImageEffects":true,"showParticleSystems":true},"in2DMode":false,"pivot":{"x":-0.06882524490356446,"y":6.301741123199463,"z":-0.08823341131210327},"rotation":{"x":0.34537577629089358,"y":0.15217792987823487,"z":-0.06532524526119232,"w":0.9245598316192627},"size":6.985934257507324,"orthographic":false}