{"cameraMode":{"drawMode":0,"name":"Shaded","section":"Shading Mode"},"sceneLighting":true,"audioPlay":false,"sceneViewState":{"showFog":true,"showMaterialUpdate":false,"showSkybox":true,"showFlares":true,"showImageEffects":true,"showParticleSystems":true},"in2DMode":false,"pivot":{"x":2.1094970703125,"y":-130.2691650390625,"z":67.21694946289063},"rotation":{"x":0.3362968862056732,"y":-0.3051401972770691,"z":0.10698599368333817,"w":0.8853622078895569},"size":194.76768493652345,"orthographic":false}