{"cameraMode":{"drawMode":0,"name":"Shaded","section":"Shading Mode"},"sceneLighting":true,"audioPlay":false,"sceneViewState":{"showFog":true,"showMaterialUpdate":false,"showSkybox":true,"showFlares":true,"showImageEffects":true,"showParticleSystems":true},"in2DMode":false,"pivot":{"x":-496.49658203125,"y":-382.31500244140627,"z":730.2461547851563},"rotation":{"x":0.1929737627506256,"y":-0.2634384334087372,"z":0.05277737230062485,"w":0.9442121386528015},"size":542.2083129882813,"orthographic":false}