{"cameraMode":{"drawMode":0,"name":"Shaded","section":"Shading Mode"},"sceneLighting":false,"audioPlay":false,"sceneViewState":{"showFog":true,"showMaterialUpdate":false,"showSkybox":false,"showFlares":true,"showImageEffects":true,"showParticleSystems":true},"in2DMode":false,"pivot":{"x":0.0000133514404296875,"y":0.1985158920288086,"z":0.17683029174804688},"rotation":{"x":0.02440202422440052,"y":-0.9507143497467041,"z":0.3021491467952728,"w":0.07235816866159439},"size":9.651129722595215,"orthographic":false}