{"cameraMode":{"drawMode":0,"name":"Shaded","section":"Shading Mode"},"sceneLighting":true,"audioPlay":false,"sceneViewState":{"showFog":true,"showMaterialUpdate":false,"showSkybox":true,"showFlares":true,"showImageEffects":true,"showParticleSystems":true},"in2DMode":false,"pivot":{"x":-284.7684326171875,"y":30.266204833984376,"z":91.02963256835938},"rotation":{"x":-0.3536663353443146,"y":0.0962507426738739,"z":-0.03610406443476677,"w":-0.9300901889801025},"size":30.815353393554689,"orthographic":false}