{"cameraMode":{"drawMode":0,"name":"Shaded","section":"Shading Mode"},"sceneLighting":true,"audioPlay":false,"sceneViewState":{"showFog":true,"showMaterialUpdate":false,"showSkybox":true,"showFlares":true,"showImageEffects":true,"showParticleSystems":true},"in2DMode":false,"pivot":{"x":-351.96051025390627,"y":-24.619020462036134,"z":129.64309692382813},"rotation":{"x":-0.24480071663856507,"y":0.2168940305709839,"z":-0.056080449372529986,"w":-0.9435293078422546},"size":30.815353393554689,"orthographic":false}