{"cameraMode":{"drawMode":0,"name":"Shaded","section":"Shading Mode"},"sceneLighting":true,"audioPlay":false,"sceneViewState":{"showFog":true,"showMaterialUpdate":false,"showSkybox":true,"showFlares":true,"showImageEffects":true,"showParticleSystems":true},"in2DMode":false,"pivot":{"x":-624.2931518554688,"y":-608.6522216796875,"z":-280.6661376953125},"rotation":{"x":0.21668694913387299,"y":-0.7319284677505493,"z":0.26933321356773379,"w":0.5878421664237976},"size":542.2083129882813,"orthographic":false}